timestamp,symbol,side,size,price,tickDirection,trdMatchID,grossValue,homeNotional,foreignNotional
1621019506.486 , BTCUSD , Buy , 3000 , 50037.5 ,,,,,
1621019506.474 , BTCUSD , Buy , 250 , 50036.5 ,,,,,
1621019506.48 , BTCUSD , Buy , 377 , 50037.5 ,,,,,
1621019508.482 , BTCUSD , Buy , 10095 , 50032.5 ,,,,,
1621019508.492 , BTCUSD , Buy , 15000 , 50029.5 ,,,,,
1621019508.501 , BTCUSD , Buy , 48260 , 50027 ,,,,,
1621019508.477 , BTCUSD , Buy , 100 , 50031 ,,,,,
1621019509.482 , BTCUSD , Buy , 10000 , 50021.5 ,,,,,
1621019509.488 , BTCUSD , Buy , 400 , 50018.5 ,,,,,
1621019509.489 , BTCUSD , Buy , 4887 , 50022.5 ,,,,,
1621019523.496 , BTCUSD , Buy , 27218 , 50015.5 ,,,,,
1621019523.491 , BTCUSD , Buy , 951 , 50019.5 ,,,,,
1621019523.496 , BTCUSD , Buy , 832 , 50019 ,,,,,
1621019526.508 , BTCUSD , Buy , 15500 , 50011.5 ,,,,,
1621019531.529 , BTCUSD , Buy , 9930 , 50010 ,,,,,
1621019531.536 , BTCUSD , Buy , 400 , 50008 ,,,,,
1621019532.546 , BTCUSD , Buy , 29 , 50001 ,,,,,
1621019532.528 , BTCUSD , Buy , 183 , 50004 ,,,,,
1621019565.578 , BTCUSD , Buy , 4029 , 49985 ,,,,,
1621019563.582 , BTCUSD , Buy , 963 , 49990 ,,,,,
1621019565.594 , BTCUSD , Buy , 896 , 49986 ,,,,,
1621019563.578 , BTCUSD , Buy , 550 , 49992.5 ,,,,,
1621019593.624 , BTCUSD , Buy , 1074 , 49975.5 ,,,,,
1621019593.626 , BTCUSD , Buy , 537 , 49974.5 ,,,,,
1621019618.748 , BTCUSD , Buy , 3192 , 49962 ,,,,,
1621019619.741 , BTCUSD , Buy , 2474 , 49946.5 ,,,,,
1621019618.734 , BTCUSD , Buy , 213 , 49960.5 ,,,,,
1621019618.732 , BTCUSD , Buy , 665 , 49954 ,,,,,
1621019618.74 , BTCUSD , Buy , 6601 , 49957.5 ,,,,,
1621019619.746 , BTCUSD , Buy , 7147 , 49945 ,,,,,
1621019618.729 , BTCUSD , Buy , 385 , 49954 ,,,,,
1621019618.728 , BTCUSD , Buy , 285 , 49952 ,,,,,
1621019619.737 , BTCUSD , Buy , 10525 , 49948.5 ,,,,,
1621019619.738 , BTCUSD , Buy , 110837 , 49945.5 ,,,,,
1621019618.756 , BTCUSD , Buy , 48273 , 49952 ,,,,,
1621019631.726 , BTCUSD , Buy , 17097 , 49929 ,,,,,
1621019631.735 , BTCUSD , Buy , 1286 , 49920.5 ,,,,,
1621019631.737 , BTCUSD , Buy , 46 , 49923.5 ,,,,,
1621019632.739 , BTCUSD , Buy , 6915 , 49912.5 ,,,,,
1621023949.87 , BTCUSD , Buy , 113 , 49909 ,,,,,
1621023949.895 , BTCUSD , Buy , 4000 , 49910 ,,,,,
1621023978.937 , BTCUSD , Buy , 150 , 49903.5 ,,,,,
1621023978.926 , BTCUSD , Buy , 65000 , 49903.5 ,,,,,
1621024023.012 , BTCUSD , Buy , 100 , 49883.5 ,,,,,
1621024023.99 , BTCUSD , Buy , 12789 , 49882 ,,,,,
1621024024.004 , BTCUSD , Buy , 150 , 49882 ,,,,,
1621024026.996 , BTCUSD , Buy , 347 , 49877.5 ,,,,,
1621024026.987 , BTCUSD , Buy , 1 , 49875.5 ,,,,,
1621024027.003 , BTCUSD , Buy , 3 , 49875.5 ,,,,,
1621024027.012 , BTCUSD , Buy , 1 , 49875.5 ,,,,,
1621024027.012 , BTCUSD , Buy , 1 , 49875.5 ,,,,,
1621024030.011 , BTCUSD , Buy , 226 , 49874 ,,,,,
1621024030.011 , BTCUSD , Buy , 340646 , 49867.5 ,,,,,
1621024030.013 , BTCUSD , Buy , 1000 , 49859 ,,,,,
1621024030.003 , BTCUSD , Buy , 3638 , 49868.5 ,,,,,
1621024036.008 , BTCUSD , Buy , 24576 , 49848 ,,,,,
1621024036.017 , BTCUSD , Buy , 421 , 49849 ,,,,,
1621024036.024 , BTCUSD , Buy , 164 , 49849 ,,,,,
1621024036.017 , BTCUSD , Buy , 1641 , 49853 ,,,,,
1621024036.025 , BTCUSD , Buy , 800 , 49853 ,,,,,
1621024036.171 , BTCUSD , Buy , 181248 , 49846.5 ,,,,,
1621024036.018 , BTCUSD , Buy , 20 , 49854.5 ,,,,,
1621024036.018 , BTCUSD , Buy , 1689 , 49846 ,,,,,
1621024036.024 , BTCUSD , Buy , 61440 , 49847.5 ,,,,,
1621024059.057 , BTCUSD , Buy , 117760 , 49844 ,,,,,
1621024060.063 , BTCUSD , Buy , 146432 , 49842.5 ,,,,,
1621024060.059 , BTCUSD , Buy , 466 , 49843 ,,,,,
1621024060.068 , BTCUSD , Buy , 1000 , 49842 ,,,,,
1621024060.076 , BTCUSD , Buy , 132096 , 49841.5 ,,,,,
1621024060.076 , BTCUSD , Buy , 113664 , 49841 ,,,,,
1621024075.079 , BTCUSD , Buy , 32609 , 49839.5 ,,,,,
1621024075.092 , BTCUSD , Buy , 75776 , 49840.5 ,,,,,
1621024075.079 , BTCUSD , Buy , 5 , 49836 ,,,,,
1621024075.079 , BTCUSD , Buy , 120000 , 49838 ,,,,,
1621024075.086 , BTCUSD , Buy , 50176 , 49839.5 ,,,,,
1621024075.079 , BTCUSD , Buy , 13852 , 49840.5 ,,,,,
1621024075.083 , BTCUSD , Buy , 72704 , 49838 ,,,,,
1621024075.089 , BTCUSD , Buy , 46080 , 49835 ,,,,,
1621024075.089 , BTCUSD , Buy , 31744 , 49839.5 ,,,,,
1621024077.082 , BTCUSD , Buy , 1 , 49826 ,,,,,
1621024080.109 , BTCUSD , Buy , 2878 , 49779.5 ,,,,,
1621024080.126 , BTCUSD , Buy , 24576 , 49772 ,,,,,
1621024080.126 , BTCUSD , Buy , 5120 , 49777 ,,,,,
1621024080.127 , BTCUSD , Buy , 482304 , 49784 ,,,,,
1621024080.127 , BTCUSD , Buy , 31232 , 49769.5 ,,,,,
1621024080.105 , BTCUSD , Buy , 10000 , 49812 ,,,,,
1621024080.105 , BTCUSD , Buy , 2774 , 49772 ,,,,,
1621024080.105 , BTCUSD , Buy , 41 , 49812 ,,,,,
1621024080.105 , BTCUSD , Buy , 2426 , 49788.5 ,,,,,
1621024080.105 , BTCUSD , Buy , 2600 , 49806.5 ,,,,,
1621024080.097 , BTCUSD , Buy , 22848 , 49819 ,,,,,
1621024080.099 , BTCUSD , Buy , 800 , 49807.5 ,,,,,
1621024080.122 , BTCUSD , Buy , 210432 , 49782.5 ,,,,,
1621024080.122 , BTCUSD , Buy , 14848 , 49785.5 ,,,,,
1621024080.1 , BTCUSD , Buy , 46680 , 49771 ,,,,,
1621024080.122 , BTCUSD , Buy , 60416 , 49778.5 ,,,,,
1621024080.1 , BTCUSD , Buy , 7378 , 49774 ,,,,,
1621024080.122 , BTCUSD , Buy , 2048 , 49774 ,,,,,
1621024080.122 , BTCUSD , Buy , 3584 , 49780 ,,,,,
1621024080.105 , BTCUSD , Buy , 53248 , 49780.5 ,,,,,
1621024080.123 , BTCUSD , Buy , 16384 , 49818.5 ,,,,,
1621024080.105 , BTCUSD , Buy , 14336 , 49807 ,,,,,
1621024080.123 , BTCUSD , Buy , 16896 , 49773 ,,,,,
1621024080.107 , BTCUSD , Buy , 9216 , 49816.5 ,,,,,
1621024081.102 , BTCUSD , Buy , 16384 , 49764.5 ,,,,,
1621024080.101 , BTCUSD , Buy , 3273 , 49799.5 ,,,,,
1621024080.101 , BTCUSD , Buy , 3 , 49793 ,,,,,
1621024080.106 , BTCUSD , Buy , 9003 , 49811.5 ,,,,,
1621024080.108 , BTCUSD , Buy , 6144 , 49772.5 ,,,,,
1621024080.124 , BTCUSD , Buy , 55808 , 49780.5 ,,,,,
1621024080.124 , BTCUSD , Buy , 7680 , 49783 ,,,,,
1621024080.124 , BTCUSD , Buy , 6144 , 49782 ,,,,,
1621024080.105 , BTCUSD , Buy , 5120 , 49769 ,,,,,
1621024080.105 , BTCUSD , Buy , 134656 , 49782.5 ,,,,,
1621024081.103 , BTCUSD , Buy , 4293 , 49762 ,,,,,
1621024080.124 , BTCUSD , Buy , 1 , 49776.5 ,,,,,
1621024080.128 , BTCUSD , Buy , 28160 , 49784 ,,,,,
1621024080.095 , BTCUSD , Buy , 5192 , 49795 ,,,,,
1621024080.095 , BTCUSD , Buy , 46101 , 49767 ,,,,,
1621024080.095 , BTCUSD , Buy , 25972 , 49769.5 ,,,,,
1621024080.096 , BTCUSD , Buy , 74 , 49772.5 ,,,,,
1621024080.1 , BTCUSD , Buy , 73216 , 49780.5 ,,,,,
1621024080.102 , BTCUSD , Buy , 267264 , 49782.5 ,,,,,
1621024081.083 , BTCUSD , Buy , 29764 , 49759.5 ,,,,,
1621024080.103 , BTCUSD , Buy , 10752 , 49782.5 ,,,,,
1621024081.09 , BTCUSD , Buy , 572928 , 49759.5 ,,,,,
1621024080.145 , BTCUSD , Buy , 45056 , 49776 ,,,,,
1621024082.118 , BTCUSD , Buy , 1328 , 49753 ,,,,,
1621024080.145 , BTCUSD , Buy , 136704 , 49781 ,,,,,
1621024082.118 , BTCUSD , Buy , 2859 , 49743 ,,,,,
1621024080.145 , BTCUSD , Buy , 145920 , 49784.5 ,,,,,
1621024080.148 , BTCUSD , Buy , 8192 , 49785.5 ,,,,,
1621024080.152 , BTCUSD , Buy , 2048 , 49790.5 ,,,,,
1621024080.165 , BTCUSD , Buy , 65024 , 49780 ,,,,,
1621024080.106 , BTCUSD , Buy , 729 , 49804.5 ,,,,,
1621024080.122 , BTCUSD , Buy , 562176 , 49783 ,,,,,
1621024080.134 , BTCUSD , Buy , 378 , 49776.5 ,,,,,
1621024080.122 , BTCUSD , Buy , 377 , 49769.5 ,,,,,
1621024082.092 , BTCUSD , Buy , 14625 , 49742.5 ,,,,,
1621024080.134 , BTCUSD , Buy , 39424 , 49781 ,,,,,
1621024080.134 , BTCUSD , Buy , 23552 , 49770.5 ,,,,,
1621024082.096 , BTCUSD , Buy , 1527 , 49744.5 ,,,,,
1621024082.096 , BTCUSD , Buy , 1610 , 49742.5 ,,,,,
1621024082.096 , BTCUSD , Buy , 5 , 49736.5 ,,,,,
1621024082.104 , BTCUSD , Buy , 9728 , 49751.5 ,,,,,
1621024080.135 , BTCUSD , Buy , 52347 , 49772.5 ,,,,,
1621024081.102 , BTCUSD , Buy , 7000 , 49759.5 ,,,,,
1621024080.138 , BTCUSD , Buy , 2501 , 49783.5 ,,,,,
1621024081.102 , BTCUSD , Buy , 12887 , 49759 ,,,,,
1621024080.142 , BTCUSD , Buy , 74752 , 49780 ,,,,,
1621024080.145 , BTCUSD , Buy , 11264 , 49794 ,,,,,
1621024082.092 , BTCUSD , Buy , 27 , 49748 ,,,,,
1621024080.149 , BTCUSD , Buy , 2589 , 49766.5 ,,,,,
1621024082.092 , BTCUSD , Buy , 5631 , 49755.5 ,,,,,
1621024080.15 , BTCUSD , Buy , 50000 , 49796.5 ,,,,,
1621024082.098 , BTCUSD , Buy , 9216 , 49755 ,,,,,
1621024082.135 , BTCUSD , Buy , 6144 , 49752 ,,,,,
1621024081.108 , BTCUSD , Buy , 7168 , 49762 ,,,,,
1621024082.115 , BTCUSD , Buy , 34 , 49745.5 ,,,,,
1621024081.092 , BTCUSD , Buy , 26104 , 49758 ,,,,,
1621024081.102 , BTCUSD , Buy , 2048 , 49760 ,,,,,
1621024081.099 , BTCUSD , Buy , 20992 , 49766 ,,,,,
1621024081.099 , BTCUSD , Buy , 30208 , 49762.5 ,,,,,
1621024081.102 , BTCUSD , Buy , 642560 , 49767 ,,,,,
1621024082.104 , BTCUSD , Buy , 10240 , 49754 ,,,,,
1621024082.104 , BTCUSD , Buy , 14848 , 49755.5 ,,,,,
1621024082.101 , BTCUSD , Buy , 5893 , 49742.5 ,,,,,
1621024082.101 , BTCUSD , Buy , 5667 , 49750 ,,,,,
1621024082.101 , BTCUSD , Buy , 6144 , 49741 ,,,,,
1621024085.108 , BTCUSD , Buy , 870 , 49691 ,,,,,
1621024085.11 , BTCUSD , Buy , 2906 , 49695.5 ,,,,,
1621024082.111 , BTCUSD , Buy , 4096 , 49745 ,,,,,
1621024082.111 , BTCUSD , Buy , 379 , 49753 ,,,,,
1621024085.114 , BTCUSD , Buy , 15872 , 49684.5 ,,,,,
1621024082.112 , BTCUSD , Buy , 7168 , 49742.5 ,,,,,
1621024084.099 , BTCUSD , Buy , 418 , 49709.5 ,,,,,
1621024084.099 , BTCUSD , Buy , 330 , 49718 ,,,,,
1621024085.117 , BTCUSD , Buy , 965 , 49688 ,,,,,
1621024084.106 , BTCUSD , Buy , 378 , 49708.5 ,,,,,
1621024084.106 , BTCUSD , Buy , 6144 , 49733 ,,,,,
1621024082.118 , BTCUSD , Buy , 10000 , 49743 ,,,,,
1621024084.103 , BTCUSD , Buy , 1536 , 49718 ,,,,,
1621024085.102 , BTCUSD , Buy , 12098 , 49701.5 ,,,,,
1621024085.102 , BTCUSD , Buy , 642 , 49698 ,,,,,
1621024085.102 , BTCUSD , Buy , 21586 , 49694 ,,,,,
1621024084.088 , BTCUSD , Buy , 40000 , 49730.5 ,,,,,
1621024084.088 , BTCUSD , Buy , 50 , 49700.5 ,,,,,
1621024084.089 , BTCUSD , Buy , 445 , 49722 ,,,,,
1621024082.146 , BTCUSD , Buy , 376 , 49744.5 ,,,,,
1621024084.113 , BTCUSD , Buy , 14381 , 49727 ,,,,,
1621024084.088 , BTCUSD , Buy , 29414 , 49723 ,,,,,
1621024084.093 , BTCUSD , Buy , 1159 , 49703 ,,,,,
1621024084.093 , BTCUSD , Buy , 190976 , 49720 ,,,,,
1621024084.099 , BTCUSD , Buy , 6656 , 49729 ,,,,,
1621024084.094 , BTCUSD , Buy , 68 , 49726.5 ,,,,,
1621024085.102 , BTCUSD , Buy , 929 , 49688 ,,,,,
1621024085.122 , BTCUSD , Buy , 1536 , 49695 ,,,,,
1621024085.09 , BTCUSD , Buy , 91 , 49699 ,,,,,
1621024085.092 , BTCUSD , Buy , 124 , 49689 ,,,,,
1621024085.097 , BTCUSD , Buy , 3513 , 49697 ,,,,,
1621024085.097 , BTCUSD , Buy , 21504 , 49688 ,,,,,
1621024085.097 , BTCUSD , Buy , 1560 , 49688.5 ,,,,,
1621024085.097 , BTCUSD , Buy , 265652 , 49681.5 ,,,,,
1621024085.105 , BTCUSD , Buy , 158720 , 49691.5 ,,,,,
1621024084.097 , BTCUSD , Buy , 6905 , 49719 ,,,,,
1621024084.098 , BTCUSD , Buy , 200 , 49723.5 ,,,,,
1621024084.099 , BTCUSD , Buy , 4 , 49708 ,,,,,
1621024084.112 , BTCUSD , Buy , 416000 , 49710.5 ,,,,,
1621024084.112 , BTCUSD , Buy , 65536 , 49722 ,,,,,
1621024099.154 , BTCUSD , Buy , 1 , 49677.5 ,,,,,
1621024101.14 , BTCUSD , Buy , 362 , 49659.5 ,,,,,
1621024102.128 , BTCUSD , Buy , 16417 , 49652 ,,,,,
1621024102.125 , BTCUSD , Buy , 460 , 49657 ,,,,,
1621024102.132 , BTCUSD , Buy , 24892 , 49654 ,,,,,
1621024099.121 , BTCUSD , Buy , 500 , 49671.5 ,,,,,
1621024101.127 , BTCUSD , Buy , 66790 , 49662 ,,,,,
1621024099.115 , BTCUSD , Buy , 44 , 49665.5 ,,,,,
1621024101.119 , BTCUSD , Buy , 32 , 49658 ,,,,,
1621024099.12 , BTCUSD , Buy , 309 , 49680 ,,,,,
1621024102.136 , BTCUSD , Buy , 300 , 49653.5 ,,,,,
1621024103.134 , BTCUSD , Buy , 3072 , 49648 ,,,,,
1621024099.124 , BTCUSD , Buy , 400 , 49672.5 ,,,,,
1621024104.132 , BTCUSD , Buy , 1365 , 49624 ,,,,,
1621024104.147 , BTCUSD , Buy , 379 , 49637 ,,,,,
1621024105.124 , BTCUSD , Buy , 378 , 49616.5 ,,,,,
1621024104.123 , BTCUSD , Buy , 50 , 49632 ,,,,,
1621024104.126 , BTCUSD , Buy , 10000 , 49640 ,,,,,
1621024105.14 , BTCUSD , Buy , 1000 , 49619.5 ,,,,,
1621024105.149 , BTCUSD , Buy , 512 , 49618.5 ,,,,,
1621024104.121 , BTCUSD , Buy , 116 , 49628 ,,,,,
1621024105.165 , BTCUSD , Buy , 1337 , 49623.5 ,,,,,
1621024105.133 , BTCUSD , Buy , 500 , 49611.5 ,,,,,
1621024103.128 , BTCUSD , Buy , 483 , 49649.5 ,,,,,
1621024115.146 , BTCUSD , Buy , 5 , 49574 ,,,,,
1621024099.154 , BTCUSD , Buy , 4729 , 49669 ,,,,,
1621024099.169 , BTCUSD , Buy , 3072 , 49676.5 ,,,,,
1621024104.127 , BTCUSD , Buy , 2048 , 49634 ,,,,,
1621024101.137 , BTCUSD , Buy , 600 , 49664 ,,,,,
1621024121.171 , BTCUSD , Buy , 12559 , 49553 ,,,,,
1621024121.171 , BTCUSD , Buy , 413 , 49548 ,,,,,
1621024112.15 , BTCUSD , Buy , 2560 , 49607.5 ,,,,,
1621024114.148 , BTCUSD , Buy , 586 , 49595.5 ,,,,,
1621024112.145 , BTCUSD , Buy , 379 , 49607.5 ,,,,,
1621024118.155 , BTCUSD , Buy , 4700 , 49564.5 ,,,,,
1621024115.146 , BTCUSD , Buy , 28630 , 49584 ,,,,,
1621024115.147 , BTCUSD , Buy , 17706 , 49572 ,,,,,
1621024115.147 , BTCUSD , Buy , 11804 , 49580.5 ,,,,,
1621024115.153 , BTCUSD , Buy , 965 , 49588 ,,,,,
1621024115.19 , BTCUSD , Buy , 45152 , 49574.5 ,,,,,
1621024115.191 , BTCUSD , Buy , 6180 , 49571 ,,,,,
1621024115.197 , BTCUSD , Buy , 1334 , 49585 ,,,,,
1621024121.144 , BTCUSD , Buy , 3 , 49529.5 ,,,,,
1621024115.175 , BTCUSD , Buy , 8 , 49572.5 ,,,,,
1621024112.14 , BTCUSD , Buy , 392 , 49601.5 ,,,,,
1621024104.15 , BTCUSD , Buy , 3072 , 49630 ,,,,,
1621024115.142 , BTCUSD , Buy , 605 , 49569 ,,,,,
1621024114.14 , BTCUSD , Buy , 40000 , 49597 ,,,,,
1621024124.165 , BTCUSD , Buy , 3500 , 49529 ,,,,,
1621024120.167 , BTCUSD , Buy , 3674 , 49556 ,,,,,
1621024121.145 , BTCUSD , Buy , 4300 , 49545.5 ,,,,,
1621024121.145 , BTCUSD , Buy , 1 , 49529.5 ,,,,,
1621024115.153 , BTCUSD , Buy , 9000 , 49578 ,,,,,
1621024115.153 , BTCUSD , Buy , 643 , 49593 ,,,,,
1621024115.159 , BTCUSD , Buy , 378 , 49579 ,,,,,
1621024121.154 , BTCUSD , Buy , 279 , 49538 ,,,,,
1621024121.161 , BTCUSD , Buy , 9949 , 49546 ,,,,,
1621024121.145 , BTCUSD , Buy , 1397 , 49547 ,,,,,
1621024121.146 , BTCUSD , Buy , 609 , 49539 ,,,,,
1621024121.154 , BTCUSD , Buy , 378 , 49550 ,,,,,
1621024115.168 , BTCUSD , Buy , 378 , 49587.5 ,,,,,
1621024118.17 , BTCUSD , Buy , 2048 , 49562 ,,,,,
1621024221.326 , BTCUSD , Buy , 32183 , 49527.5 ,,,,,
1621024221.321 , BTCUSD , Buy , 379 , 49528 ,,,,,
1621024223.33 , BTCUSD , Buy , 964 , 49526 ,,,,,
1621024227.348 , BTCUSD , Buy , 300 , 49517 ,,,,,
1621024227.324 , BTCUSD , Buy , 1065 , 49524 ,,,,,
1621024227.324 , BTCUSD , Buy , 9 , 49521.5 ,,,,,
1621024227.332 , BTCUSD , Buy , 166 , 49520.5 ,,,,,
1621024227.342 , BTCUSD , Buy , 2500 , 49528 ,,,,,
1621024227.344 , BTCUSD , Buy , 3000 , 49519.5 ,,,,,
1621024227.329 , BTCUSD , Buy , 527 , 49515 ,,,,,
1621024230.343 , BTCUSD , Buy , 1536 , 49512 ,,,,,
1621024230.408 , BTCUSD , Buy , 744 , 49511 ,,,,,
1621024230.344 , BTCUSD , Buy , 376 , 49513.5 ,,,,,
1621024232.364 , BTCUSD , Buy , 2637 , 49511.5 ,,,,,
1621024232.342 , BTCUSD , Buy , 2 , 49505 ,,,,,
1621024232.334 , BTCUSD , Buy , 26 , 49506 ,,,,,
1621024233.354 , BTCUSD , Buy , 5000 , 49508 ,,,,,
1621024234.36 , BTCUSD , Buy , 1075 , 49509 ,,,,,
1621024234.36 , BTCUSD , Buy , 10138 , 49485 ,,,,,
1621024234.352 , BTCUSD , Buy , 5000 , 49486.5 ,,,,,
1621024234.352 , BTCUSD , Buy , 2836 , 49506 ,,,,,
1621024234.357 , BTCUSD , Buy , 2048 , 49493 ,,,,,
1621024234.356 , BTCUSD , Buy , 100 , 49490.5 ,,,,,
1621024234.357 , BTCUSD , Buy , 1000 , 49495 ,,,,,
1621024234.349 , BTCUSD , Buy , 585 , 49498.5 ,,,,,
1621024235.349 , BTCUSD , Buy , 300 , 49478 ,,,,,
1621024234.36 , BTCUSD , Buy , 378 , 49487.5 ,,,,,
1621024234.363 , BTCUSD , Buy , 2793 , 49486 ,,,,,
1621024234.363 , BTCUSD , Buy , 13578 , 49496.5 ,,,,,
1621024234.338 , BTCUSD , Buy , 2086 , 49486.5 ,,,,,
1621024234.338 , BTCUSD , Buy , 6000 , 49484 ,,,,,
1621024235.345 , BTCUSD , Buy , 170 , 49479 ,,,,,
1621024234.36 , BTCUSD , Buy , 1900 , 49499 ,,,,,
1621024234.339 , BTCUSD , Buy , 300 , 49490.5 ,,,,,
1621024234.36 , BTCUSD , Buy , 77 , 49486 ,,,,,
1621024234.343 , BTCUSD , Buy , 29407 , 49494 ,,,,,
1621024236.355 , BTCUSD , Buy , 963 , 49459 ,,,,,
1621024234.347 , BTCUSD , Buy , 340480 , 49499 ,,,,,
1621024234.366 , BTCUSD , Buy , 12500 , 49481.5 ,,,,,
1621024235.349 , BTCUSD , Buy , 41137 , 49477 ,,,,,
1621024236.362 , BTCUSD , Buy , 240 , 49459.5 ,,,,,
1621024236.362 , BTCUSD , Buy , 5000 , 49459.5 ,,,,,
1621024235.35 , BTCUSD , Buy , 2096 , 49471 ,,,,,
1621024235.358 , BTCUSD , Buy , 963 , 49475.5 ,,,,,
1621024235.368 , BTCUSD , Buy , 10 , 49471 ,,,,,
1621024236.354 , BTCUSD , Buy , 88 , 49464.5 ,,,,,
1621024236.354 , BTCUSD , Buy , 9800 , 49462.5 ,,,,,
1621024236.345 , BTCUSD , Buy , 377 , 49466 ,,,,,
1621024238.355 , BTCUSD , Buy , 603 , 49459 ,,,,,
1621024236.35 , BTCUSD , Buy , 4903 , 49463.5 ,,,,,
1621024236.358 , BTCUSD , Buy , 167 , 49460 ,,,,,
1621024238.359 , BTCUSD , Buy , 4387 , 49462 ,,,,,
1621024238.35 , BTCUSD , Buy , 4000 , 49449 ,,,,,
1621024238.355 , BTCUSD , Buy , 963 , 49457.5 ,,,,,
1621024240.364 , BTCUSD , Buy , 19048 , 49451.5 ,,,,,
1621024241.362 , BTCUSD , Buy , 312 , 49435 ,,,,,
1621024241.369 , BTCUSD , Buy , 20 , 49440.5 ,,,,,
1621024240.372 , BTCUSD , Buy , 135 , 49447.5 ,,,,,
1621024240.352 , BTCUSD , Buy , 6536 , 49452 ,,,,,
1621024240.352 , BTCUSD , Buy , 20 , 49449 ,,,,,
1621024240.354 , BTCUSD , Buy , 500 , 49453 ,,,,,
1621024240.354 , BTCUSD , Buy , 500 , 49444.5 ,,,,,
1621024241.356 , BTCUSD , Buy , 200 , 49441 ,,,,,
1621024257.387 , BTCUSD , Buy , 110004 , 49435.5 ,,,,,
1621024257.387 , BTCUSD , Buy , 825 , 49434 ,,,,,
1621024257.398 , BTCUSD , Buy , 2000 , 49430 ,,,,,
1621024257.387 , BTCUSD , Buy , 586 , 49432.5 ,,,,,
1621024327.508 , BTCUSD , Buy , 42000 , 49413 ,,,,,
1621024327.499 , BTCUSD , Buy , 20 , 49419.5 ,,,,,
1621024327.493 , BTCUSD , Buy , 1000 , 49423.5 ,,,,,
1621024327.493 , BTCUSD , Buy , 200 , 49419 ,,,,,
1621024327.493 , BTCUSD , Buy , 5012 , 49423.5 ,,,,,
1621024327.495 , BTCUSD , Buy , 295 , 49424 ,,,,,
1621024327.498 , BTCUSD , Buy , 100 , 49415 ,,,,,
1621024330.497 , BTCUSD , Buy , 164575 , 49405 ,,,,,
1621024330.49 , BTCUSD , Buy , 7694 , 49406.5 ,,,,,
1621024330.494 , BTCUSD , Buy , 2922 , 49416 ,,,,,
1621024330.497 , BTCUSD , Buy , 120 , 49410.5 ,,,,,
1621024330.5 , BTCUSD , Buy , 963 , 49405.5 ,,,,,
1621024330.497 , BTCUSD , Buy , 2486 , 49408.5 ,,,,,
1621024330.497 , BTCUSD , Buy , 1 , 49407.5 ,,,,,
1621024330.518 , BTCUSD , Buy , 1 , 49407.5 ,,,,,
1621024331.517 , BTCUSD , Buy , 113 , 49399.5 ,,,,,
1621024331.487 , BTCUSD , Buy , 9398 , 49394.5 ,,,,,
1621024331.503 , BTCUSD , Buy , 961 , 49402.5 ,,,,,
1621024332.501 , BTCUSD , Buy , 667 , 49393 ,,,,,
1621024332.505 , BTCUSD , Buy , 3400 , 49397.5 ,,,,,
1621024332.505 , BTCUSD , Buy , 585 , 49394 ,,,,,
1621024332.5 , BTCUSD , Buy , 700 , 49396.5 ,,,,,
1621024332.528 , BTCUSD , Buy , 12143 , 49398.5 ,,,,,
1621024332.523 , BTCUSD , Buy , 585 , 49395.5 ,,,,,
1621024332.528 , BTCUSD , Buy , 10184 , 49391.5 ,,,,,
1621024332.533 , BTCUSD , Buy , 208 , 49390.5 ,,,,,
1621024332.53 , BTCUSD , Buy , 962 , 49391.5 ,,,,,
1621024333.496 , BTCUSD , Buy , 69142 , 49388 ,,,,,
1621024333.505 , BTCUSD , Buy , 200 , 49389 ,,,,,
1621024333.505 , BTCUSD , Buy , 3232 , 49380.5 ,,,,,
1621024333.522 , BTCUSD , Buy , 140 , 49386 ,,,,,
1621024333.515 , BTCUSD , Buy , 622 , 49382.5 ,,,,,
1621024333.521 , BTCUSD , Buy , 963 , 49384.5 ,,,,,
1621024333.517 , BTCUSD , Buy , 961 , 49385.5 ,,,,,
1621024341.517 , BTCUSD , Buy , 6468 , 49373 ,,,,,
1621024341.531 , BTCUSD , Buy , 9222 , 49372.5 ,,,,,
1621024341.508 , BTCUSD , Buy , 400 , 49405.5 ,,,,,
1621024341.509 , BTCUSD , Buy , 64 , 49371 ,,,,,
1621024341.517 , BTCUSD , Buy , 1000 , 49376 ,,,,,
1621024341.531 , BTCUSD , Buy , 710 , 49373.5 ,,,,,
1621024343.515 , BTCUSD , Buy , 1074 , 49366 ,,,,,
1621024395.617 , BTCUSD , Buy , 210 , 49360 ,,,,,
1621024395.601 , BTCUSD , Buy , 16 , 49357 ,,,,,
1621024395.611 , BTCUSD , Buy , 20000 , 49358.5 ,,,,,
1621024395.601 , BTCUSD , Buy , 2345 , 49352 ,,,,,
1621024395.606 , BTCUSD , Buy , 10 , 49361 ,,,,,
1621024395.59 , BTCUSD , Buy , 4169 , 49356 ,,,,,
1621024395.59 , BTCUSD , Buy , 78 , 49358.5 ,,,,,
1621024395.611 , BTCUSD , Buy , 100 , 49355 ,,,,,
1621024395.603 , BTCUSD , Buy , 100 , 49360 ,,,,,
1621024396.616 , BTCUSD , Buy , 17792 , 49351 ,,,,,
1621024396.62 , BTCUSD , Buy , 219136 , 49351 ,,,,,
1621024397.618 , BTCUSD , Buy , 585 , 49330 ,,,,,
1621024396.627 , BTCUSD , Buy , 775 , 49347 ,,,,,
1621024396.612 , BTCUSD , Buy , 6000 , 49345.5 ,,,,,
1621024396.615 , BTCUSD , Buy , 965 , 49346.5 ,,,,,
1621024396.592 , BTCUSD , Buy , 4238 , 49348 ,,,,,
1621024396.605 , BTCUSD , Buy , 102053 , 49344 ,,,,,
1621024396.602 , BTCUSD , Buy , 881 , 49355 ,,,,,
1621024396.606 , BTCUSD , Buy , 3394 , 49354 ,,,,,
1621024396.615 , BTCUSD , Buy , 586 , 49346.5 ,,,,,
1621024396.593 , BTCUSD , Buy , 22000 , 49348 ,,,,,
1621024397.604 , BTCUSD , Buy , 2 , 49322 ,,,,,
1621024397.599 , BTCUSD , Buy , 1174 , 49315.5 ,,,,,
1621024397.604 , BTCUSD , Buy , 192 , 49322.5 ,,,,,
1621024397.61 , BTCUSD , Buy , 586 , 49319.5 ,,,,,
1621024397.602 , BTCUSD , Buy , 2261 , 49321 ,,,,,
1621024397.604 , BTCUSD , Buy , 64 , 49324.5 ,,,,,
1621024397.613 , BTCUSD , Buy , 2577 , 49336 ,,,,,
1621024397.627 , BTCUSD , Buy , 169513 , 49334 ,,,,,
1621024397.613 , BTCUSD , Buy , 800 , 49326.5 ,,,,,
1621024397.628 , BTCUSD , Buy , 11637 , 49328.5 ,,,,,
1621024406.616 , BTCUSD , Buy , 8 , 49313 ,,,,,
1621024406.62 , BTCUSD , Buy , 38333 , 49315.5 ,,,,,
1621024423.713 , BTCUSD , Buy , 2187 , 49308 ,,,,,
1621024423.667 , BTCUSD , Buy , 15406 , 49312.5 ,,,,,
1621024423.713 , BTCUSD , Buy , 1048 , 49309 ,,,,,
1621024424.639 , BTCUSD , Buy , 8647 , 49298.5 ,,,,,
1621024424.679 , BTCUSD , Buy , 2064 , 49296 ,,,,,
1621024424.735 , BTCUSD , Buy , 532 , 49298.5 ,,,,,
1621024424.735 , BTCUSD , Buy , 1000 , 49293 ,,,,,
1621024424.63 , BTCUSD , Buy , 20 , 49298 ,,,,,
1621024424.727 , BTCUSD , Buy , 6275 , 49294.5 ,,,,,
1621024424.727 , BTCUSD , Buy , 18582 , 49298 ,,,,,
1621024424.668 , BTCUSD , Buy , 1410 , 49302.5 ,,,,,
1621024424.702 , BTCUSD , Buy , 850 , 49293 ,,,,,
1621024425.726 , BTCUSD , Buy , 6849 , 49291.5 ,,,,,
1621024426.694 , BTCUSD , Buy , 15000 , 49284.5 ,,,,,
1621024426.712 , BTCUSD , Buy , 6282 , 49281.5 ,,,,,
1621024426.669 , BTCUSD , Buy , 297 , 49284 ,,,,,
1621024426.671 , BTCUSD , Buy , 1000 , 49287.5 ,,,,,
1621024431.712 , BTCUSD , Buy , 2437 , 49272 ,,,,,
1621024430.684 , BTCUSD , Buy , 250 , 49284.5 ,,,,,
1621024431.739 , BTCUSD , Buy , 324 , 49270 ,,,,,
1621024430.671 , BTCUSD , Buy , 10 , 49281 ,,,,,
1621024431.674 , BTCUSD , Buy , 6 , 49269.5 ,,,,,
1621024431.692 , BTCUSD , Buy , 2239 , 49273.5 ,,,,,
1621024431.683 , BTCUSD , Buy , 6157 , 49272 ,,,,,
1621024451.741 , BTCUSD , Buy , 1 , 49261.5 ,,,,,
1621024460.73 , BTCUSD , Buy , 6250 , 49261.5 ,,,,,
1621024488.744 , BTCUSD , Buy , 5285 , 49257.5 ,,,,,
1621024488.744 , BTCUSD , Buy , 93238 , 49260.5 ,,,,,
1621024488.744 , BTCUSD , Buy , 4856 , 49255 ,,,,,
1621024488.762 , BTCUSD , Buy , 16344 , 49249.5 ,,,,,
1621024488.785 , BTCUSD , Buy , 1974 , 49254 ,,,,,
1621024515.789 , BTCUSD , Buy , 2215 , 49253 ,,,,,
1621024515.794 , BTCUSD , Buy , 200000 , 49249 ,,,,,
1621024516.785 , BTCUSD , Buy , 10000 , 49242.5 ,,,,,
1621024516.787 , BTCUSD , Buy , 704 , 49240 ,,,,,
1621024516.787 , BTCUSD , Buy , 3449 , 49244 ,,,,,
1621024517.782 , BTCUSD , Buy , 463 , 49237 ,,,,,
1621024517.795 , BTCUSD , Buy , 50 , 49233 ,,,,,
1621024517.805 , BTCUSD , Buy , 1892 , 49240.5 ,,,,,
1621024518.794 , BTCUSD , Buy , 944 , 49232 ,,,,,
1621024519.802 , BTCUSD , Buy , 46 , 49219.5 ,,,,,
1621024520.801 , BTCUSD , Buy , 3000 , 49221 ,,,,,
1621024520.804 , BTCUSD , Buy , 5112 , 49217 ,,,,,
1621024555.839 , BTCUSD , Buy , 96 , 49214 ,,,,,
1621024555.855 , BTCUSD , Buy , 624 , 49216 ,,,,,
1621024555.841 , BTCUSD , Buy , 800 , 49213 ,,,,,
1621024555.873 , BTCUSD , Buy , 2310 , 49213 ,,,,,
1621024586.912 , BTCUSD , Buy , 5968 , 49192 ,,,,,
1621024586.955 , BTCUSD , Buy , 465 , 49192 ,,,,,
1621024586.911 , BTCUSD , Buy , 2995 , 49199 ,,,,,
1621024586.898 , BTCUSD , Buy , 14859 , 49197.5 ,,,,,
1621024586.968 , BTCUSD , Buy , 35000 , 49197 ,,,,,
1621024596.924 , BTCUSD , Buy , 27 , 49191.5 ,,,,,
1621024600.93 , BTCUSD , Buy , 50000 , 49182 ,,,,,
1621024643.989 , BTCUSD , Buy , 2915 , 49180 ,,,,,
1621024646.002 , BTCUSD , Buy , 55711 , 49173 ,,,,,
1621024646.99 , BTCUSD , Buy , 543 , 49171.5 ,,,,,
1621024647.02 , BTCUSD , Buy , 3098 , 49166 ,,,,,
1621024647.004 , BTCUSD , Buy , 1 , 49140.5 ,,,,,
1621024647.004 , BTCUSD , Buy , 122138 , 49174.5 ,,,,,
1621024648.006 , BTCUSD , Buy , 1616 , 49158.5 ,,,,,
1621024648.007 , BTCUSD , Buy , 500 , 49161.5 ,,,,,
1621024648.007 , BTCUSD , Buy , 515130 , 49160 ,,,,,
1621024684.078 , BTCUSD , Buy , 4000 , 49152 ,,,,,
1621024684.094 , BTCUSD , Buy , 1614 , 49155.5 ,,,,,
1621024684.084 , BTCUSD , Buy , 10 , 49150 ,,,,,
1621024685.084 , BTCUSD , Buy , 925 , 49129.5 ,,,,,
1621024685.09 , BTCUSD , Buy , 500 , 49135 ,,,,,
1621024685.076 , BTCUSD , Buy , 1020 , 49142 ,,,,,
1621024685.069 , BTCUSD , Buy , 100000 , 49144 ,,,,,
1621024687.094 , BTCUSD , Buy , 233 , 49129.5 ,,,,,
1621024687.08 , BTCUSD , Buy , 7881 , 49126 ,,,,,
1621024687.1 , BTCUSD , Buy , 263 , 49127 ,,,,,
1621024687.081 , BTCUSD , Buy , 252 , 49123.5 ,,,,,
1621024694.102 , BTCUSD , Buy , 108 , 49118 ,,,,,
1621024694.104 , BTCUSD , Buy , 100 , 49115 ,,,,,
1621024696.107 , BTCUSD , Buy , 184 , 49103.5 ,,,,,
1621024696.102 , BTCUSD , Buy , 16140 , 49099.5 ,,,,,
1621024696.096 , BTCUSD , Buy , 200 , 49102 ,,,,,
1621024696.096 , BTCUSD , Buy , 1000 , 49111.5 ,,,,,
1621024696.104 , BTCUSD , Buy , 30000 , 49110 ,,,,,
1621024696.1 , BTCUSD , Buy , 32363 , 49101 ,,,,,
1621024696.107 , BTCUSD , Buy , 5000 , 49107 ,,,,,
1621024697.103 , BTCUSD , Buy , 10000 , 49097.5 ,,,,,
1621024697.119 , BTCUSD , Buy , 121609 , 49097.5 ,,,,,
1621024871.402 , BTCUSD , Sell , 91823 , 49856 ,,,,,
1621024876.411 , BTCUSD , Sell , 100 , 49907.5 ,,,,,
1621024876.389 , BTCUSD , Sell , 936 , 49907 ,,,,,
1621024876.391 , BTCUSD , Sell , 3666 , 49903.5 ,,,,,
1621024876.398 , BTCUSD , Sell , 14124 , 49909 ,,,,,
1621025491.092 , BTCUSD , Buy , 2 , 49188.5 ,,,,,
1621025511.106 , BTCUSD , Buy , 2000 , 49194.5 ,,,,,
1621025512.111 , BTCUSD , Buy , 1 , 49164.5 ,,,,,
1621025547.169 , BTCUSD , Buy , 829 , 49179 ,,,,,
1621025550.194 , BTCUSD , Buy , 345 , 49160.5 ,,,,,
1621025550.178 , BTCUSD , Buy , 1516 , 49161.5 ,,,,,
1621025551.181 , BTCUSD , Buy , 2 , 49140.5 ,,,,,
1621025551.168 , BTCUSD , Buy , 900 , 49152 ,,,,,
1621025551.198 , BTCUSD , Buy , 25 , 49145 ,,,,,
1621025556.193 , BTCUSD , Buy , 1159 , 49134.5 ,,,,,
1621025561.198 , BTCUSD , Buy , 1919 , 49124.5 ,,,,,
1621025565.216 , BTCUSD , Buy , 476 , 49093.5 ,,,,,
1621025565.2 , BTCUSD , Buy , 332 , 49082 ,,,,,
1621025565.201 , BTCUSD , Buy , 250 , 49079 ,,,,,
1621025565.219 , BTCUSD , Buy , 51956 , 49080.5 ,,,,,
1621025565.205 , BTCUSD , Buy , 300 , 49082.5 ,,,,,
1621025567.215 , BTCUSD , Buy , 537 , 49075 ,,,,,
1621025567.196 , BTCUSD , Buy , 32894 , 49068 ,,,,,
1621025565.207 , BTCUSD , Buy , 75 , 49074.5 ,,,,,
1621025568.22 , BTCUSD , Buy , 1984 , 49063.5 ,,,,,
1621025568.228 , BTCUSD , Buy , 1574 , 49069.5 ,,,,,
1621025569.207 , BTCUSD , Buy , 5023 , 49065.5 ,,,,,
1621025569.213 , BTCUSD , Buy , 139 , 49060 ,,,,,
1621025569.21 , BTCUSD , Buy , 2 , 49044 ,,,,,
1621025569.21 , BTCUSD , Buy , 32 , 49047 ,,,,,
1621025569.223 , BTCUSD , Buy , 12500 , 49051 ,,,,,
1621025569.214 , BTCUSD , Buy , 27 , 49048.5 ,,,,,
1621025569.217 , BTCUSD , Buy , 6691 , 49059 ,,,,,
1621025569.217 , BTCUSD , Buy , 5950 , 49053 ,,,,,
1621025569.223 , BTCUSD , Buy , 105 , 49045.5 ,,,,,
1621025569.224 , BTCUSD , Buy , 6814 , 49058 ,,,,,
1621025569.234 , BTCUSD , Buy , 2806 , 49065.5 ,,,,,
1621025570.234 , BTCUSD , Buy , 5950 , 49025 ,,,,,
1621025570.216 , BTCUSD , Buy , 23985 , 49024 ,,,,,
1621025570.218 , BTCUSD , Buy , 50 , 49030.5 ,,,,,
1621025570.212 , BTCUSD , Buy , 489 , 49038 ,,,,,
1621025570.222 , BTCUSD , Buy , 684 , 49038 ,,,,,
1621025569.213 , BTCUSD , Buy , 9517 , 49051 ,,,,,
1621025569.217 , BTCUSD , Buy , 9894 , 49059 ,,,,,
1621025570.223 , BTCUSD , Buy , 3965 , 49038.5 ,,,,,
1621025569.229 , BTCUSD , Buy , 97 , 49048 ,,,,,
1621025571.217 , BTCUSD , Buy , 1699 , 49025 ,,,,,
1621025573.226 , BTCUSD , Buy , 50 , 49010 ,,,,,
1621025573.209 , BTCUSD , Buy , 21598 , 49024 ,,,,,
1621025573.209 , BTCUSD , Buy , 18 , 49020 ,,,,,
1621025573.221 , BTCUSD , Buy , 5 , 49020 ,,,,,
1621025573.221 , BTCUSD , Buy , 608 , 49020 ,,,,,
1621025573.221 , BTCUSD , Buy , 1037 , 49024 ,,,,,
1621025575.221 , BTCUSD , Buy , 17114 , 49013 ,,,,,
1621025575.223 , BTCUSD , Buy , 7000 , 49002 ,,,,,
1621025573.221 , BTCUSD , Buy , 18040 , 49008 ,,,,,
1621025573.209 , BTCUSD , Buy , 6829 , 49023 ,,,,,
1621025570.216 , BTCUSD , Buy , 2640 , 49038.5 ,,,,,
1621025575.223 , BTCUSD , Buy , 234 , 49012.5 ,,,,,
1621025575.225 , BTCUSD , Buy , 2527 , 49013.5 ,,,,,
1621025575.225 , BTCUSD , Buy , 2857 , 49000.5 ,,,,,
1621025570.23 , BTCUSD , Buy , 6930 , 49033.5 ,,,,,
1621025570.23 , BTCUSD , Buy , 816 , 49032.5 ,,,,,
1621025570.23 , BTCUSD , Buy , 3098 , 49043.5 ,,,,,
1621025575.229 , BTCUSD , Buy , 4059 , 49001 ,,,,,
1621025575.225 , BTCUSD , Buy , 1124 , 49001.5 ,,,,,
1621025571.226 , BTCUSD , Buy , 28000 , 49034 ,,,,,
1621025575.225 , BTCUSD , Buy , 25 , 49010 ,,,,,
1621025577.226 , BTCUSD , Buy , 113472 , 48987.5 ,,,,,
1621025577.241 , BTCUSD , Buy , 12273 , 48993 ,,,,,
1621025577.241 , BTCUSD , Buy , 349 , 48979 ,,,,,
1621025577.241 , BTCUSD , Buy , 756 , 48994 ,,,,,
1621025573.238 , BTCUSD , Buy , 458 , 49020 ,,,,,
1621025575.217 , BTCUSD , Buy , 2185 , 48994 ,,,,,
1621025575.217 , BTCUSD , Buy , 500 , 49007.5 ,,,,,
1621025573.307 , BTCUSD , Buy , 556 , 49020 ,,,,,
1621025575.222 , BTCUSD , Buy , 163500 , 49001.5 ,,,,,
1621025575.229 , BTCUSD , Buy , 542 , 49013 ,,,,,
1621025575.229 , BTCUSD , Buy , 200 , 48999 ,,,,,
1621025575.235 , BTCUSD , Buy , 15198 , 49008 ,,,,,
1621025577.242 , BTCUSD , Buy , 135209 , 48982 ,,,,,
1621025577.234 , BTCUSD , Buy , 311 , 49000.5 ,,,,,
1621025577.234 , BTCUSD , Buy , 5248 , 48983.5 ,,,,,
1621025575.241 , BTCUSD , Buy , 175 , 48997 ,,,,,
1621025575.241 , BTCUSD , Buy , 6 , 49000 ,,,,,
1621025575.241 , BTCUSD , Buy , 1 , 48972 ,,,,,
1621025577.226 , BTCUSD , Buy , 16337 , 48979.5 ,,,,,
1621025587.232 , BTCUSD , Buy , 4567 , 48971 ,,,,,
1621025587.258 , BTCUSD , Buy , 6177 , 48966 ,,,,,
1621025587.254 , BTCUSD , Buy , 200 , 48971.5 ,,,,,
1621025591.252 , BTCUSD , Buy , 6926 , 48964.5 ,,,,,
1621025591.252 , BTCUSD , Buy , 8261 , 48960.5 ,,,,,
1621025596.275 , BTCUSD , Buy , 20 , 48960 ,,,,,
1621025596.266 , BTCUSD , Buy , 2069 , 48953 ,,,,,
1621025597.267 , BTCUSD , Buy , 235 , 48952.5 ,,,,,
1621025597.273 , BTCUSD , Buy , 15506 , 48938 ,,,,,
1621025598.263 , BTCUSD , Buy , 6081 , 48938.5 ,,,,,
1621025598.265 , BTCUSD , Buy , 45000 , 48940 ,,,,,
1621025597.262 , BTCUSD , Buy , 264 , 48943.5 ,,,,,
1621025597.267 , BTCUSD , Buy , 200 , 48942 ,,,,,
1621025597.259 , BTCUSD , Buy , 2500 , 48948.5 ,,,,,
1621025597.247 , BTCUSD , Buy , 1413 , 48940.5 ,,,,,
1621025597.247 , BTCUSD , Buy , 400 , 48944 ,,,,,
1621025598.258 , BTCUSD , Buy , 200 , 48924.5 ,,,,,
1621025598.261 , BTCUSD , Buy , 2083 , 48925 ,,,,,
1621025598.263 , BTCUSD , Buy , 1501 , 48932 ,,,,,
1621025598.263 , BTCUSD , Buy , 485 , 48938 ,,,,,
1621025598.261 , BTCUSD , Buy , 10300 , 48939 ,,,,,
1621025598.257 , BTCUSD , Buy , 635 , 48923 ,,,,,
1621025598.262 , BTCUSD , Buy , 200 , 48922 ,,,,,
1621025598.282 , BTCUSD , Buy , 13039 , 48920 ,,,,,
1621025597.267 , BTCUSD , Buy , 100000 , 48955.5 ,,,,,
1621025597.267 , BTCUSD , Buy , 2 , 48948 ,,,,,
1621025602.271 , BTCUSD , Buy , 1754 , 48902.5 ,,,,,
1621025602.276 , BTCUSD , Buy , 50000 , 48917 ,,,,,
1621025602.288 , BTCUSD , Buy , 5 , 48909.5 ,,,,,
1621025602.271 , BTCUSD , Buy , 15000 , 48903 ,,,,,
1621025602.271 , BTCUSD , Buy , 481 , 48918 ,,,,,
1621025602.266 , BTCUSD , Buy , 62936 , 48905.5 ,,,,,
1621025602.282 , BTCUSD , Buy , 1000 , 48907 ,,,,,
1621025598.285 , BTCUSD , Buy , 3000 , 48933.5 ,,,,,
1621025603.27 , BTCUSD , Buy , 50436 , 48890 ,,,,,
1621025603.257 , BTCUSD , Buy , 1500 , 48895 ,,,,,
1621025603.267 , BTCUSD , Buy , 277 , 48901 ,,,,,
1621025603.275 , BTCUSD , Buy , 5000 , 48890.5 ,,,,,
1621025603.267 , BTCUSD , Buy , 4103 , 48897.5 ,,,,,
1621025604.279 , BTCUSD , Buy , 3346 , 48890.5 ,,,,,
1621025934.811 , BTCUSD , Sell , 500 , 49631 ,,,,,
1621026012.942 , BTCUSD , Buy , 1241 , 48905 ,,,,,
1621026016.939 , BTCUSD , Buy , 1349 , 48890 ,,,,,
1621026016.962 , BTCUSD , Buy , 2970 , 48887 ,,,,,
1621026016.94 , BTCUSD , Buy , 610 , 48884.5 ,,,,,
1621026016.948 , BTCUSD , Buy , 833 , 48884.5 ,,,,,
1621026017.951 , BTCUSD , Buy , 2000 , 48881 ,,,,,
1621026033.039 , BTCUSD , Buy , 320 , 48871 ,,,,,
1621026033.993 , BTCUSD , Buy , 7179 , 48873.5 ,,,,,
1621026033.973 , BTCUSD , Buy , 17025 , 48875.5 ,,,,,
1621026039.983 , BTCUSD , Buy , 18 , 48861.5 ,,,,,
1621026040.996 , BTCUSD , Buy , 3841 , 48861.5 ,,,,,
1621026040.977 , BTCUSD , Buy , 5711 , 48870.5 ,,,,,
1621026071.024 , BTCUSD , Buy , 5316 , 48850 ,,,,,
1621026071.031 , BTCUSD , Buy , 7680 , 48857.5 ,,,,,
1621026071.036 , BTCUSD , Buy , 4090 , 48867.5 ,,,,,
1621026079.039 , BTCUSD , Buy , 210 , 48848 ,,,,,
1621026079.041 , BTCUSD , Buy , 1867 , 48856 ,,,,,
1621026083.062 , BTCUSD , Buy , 1000 , 48846.5 ,,,,,
1621026083.058 , BTCUSD , Buy , 459 , 48845 ,,,,,
1621026083.056 , BTCUSD , Buy , 74206 , 48852 ,,,,,
1621026083.058 , BTCUSD , Buy , 950 , 48846.5 ,,,,,
1621026083.058 , BTCUSD , Buy , 4186 , 48852 ,,,,,
1621026081.052 , BTCUSD , Buy , 34715 , 48856.5 ,,,,,
1621026086.057 , BTCUSD , Buy , 14474 , 48843 ,,,,,
1621026167.209 , BTCUSD , Sell , 5543 , 49621 ,,,,,
1621026175.223 , BTCUSD , Sell , 8517 , 49629.5 ,,,,,
1621026202.275 , BTCUSD , Sell , 10000 , 49676.5 ,,,,,
1621026672.036 , BTCUSD , Buy , 96 , 49169.5 ,,,,,
1621027150.842 , BTCUSD , Sell , 3263 , 49863 ,,,,,
1621027168.863 , BTCUSD , Sell , 2500 , 49898.5 ,,,,,
1621027168.87 , BTCUSD , Sell , 6254 , 49898.5 ,,,,,
1621027187.935 , BTCUSD , Sell , 33 , 49919 ,,,,,
1621027247.998 , BTCUSD , Sell , 35 , 50000 ,,,,,
1621027248.994 , BTCUSD , Sell , 650000 , 50029 ,,,,,
1621027281.064 , BTCUSD , Sell , 7514 , 50047 ,,,,,
1621027285.054 , BTCUSD , Sell , 58 , 50057.5 ,,,,,
1621027288.064 , BTCUSD , Sell , 1208 , 50073.5 ,,,,,
1621027288.067 , BTCUSD , Sell , 1289 , 50074.5 ,,,,,
1621027289.066 , BTCUSD , Sell , 13 , 50078.5 ,,,,,
1621027975.176 , BTCUSD , Buy , 300 , 49345 ,,,,,
1621027986.19 , BTCUSD , Buy , 6471 , 49322.5 ,,,,,
1621027991.215 , BTCUSD , Buy , 2982 , 49315 ,,,,,
1621028622.248 , BTCUSD , Sell , 5874 , 50094.5 ,,,,,
1621029428.061 , BTCUSD , Sell , 8241 , 50118.5 ,,,,,
1621029455.105 , BTCUSD , Sell , 1000 , 50147 ,,,,,
1621030624.032 , BTCUSD , Sell , 10000 , 50150 ,,,,,
1621031409.31 , BTCUSD , Sell , 2896 , 50202.5 ,,,,,
1621031412.306 , BTCUSD , Sell , 9770 , 50208.5 ,,,,,
1621031414.307 , BTCUSD , Sell , 2900 , 50222.5 ,,,,,
1621031414.322 , BTCUSD , Sell , 10000 , 50224 ,,,,,
1621031416.33 , BTCUSD , Sell , 8116 , 50233.5 ,,,,,
1621031417.347 , BTCUSD , Sell , 50 , 50242.5 ,,,,,
1621031417.315 , BTCUSD , Sell , 149 , 50250 ,,,,,
1621031417.326 , BTCUSD , Sell , 3061 , 50245 ,,,,,
1621031425.334 , BTCUSD , Sell , 132197 , 50261 ,,,,,
1621031431.362 , BTCUSD , Sell , 6803 , 50272 ,,,,,
1621031431.362 , BTCUSD , Sell , 4100 , 50284.5 ,,,,,
1621031431.36 , BTCUSD , Sell , 281 , 50284.5 ,,,,,
1621031431.36 , BTCUSD , Sell , 1633 , 50286.5 ,,,,,
1621031447.39 , BTCUSD , Sell , 57 , 50301.5 ,,,,,
1621031463.415 , BTCUSD , Sell , 17137 , 50306 ,,,,,
1621031464.409 , BTCUSD , Sell , 586 , 50305.5 ,,,,,
1621031465.427 , BTCUSD , Sell , 120897 , 50316 ,,,,,
1621031666.766 , BTCUSD , Sell , 7944 , 50351.5 ,,,,,
1621031666.743 , BTCUSD , Sell , 10757 , 50349.5 ,,,,,
1621031666.767 , BTCUSD , Sell , 10000 , 50353 ,,,,,
1621031672.762 , BTCUSD , Sell , 4000 , 50378 ,,,,,
1621031672.745 , BTCUSD , Sell , 3755 , 50376 ,,,,,
1621031678.745 , BTCUSD , Sell , 4993 , 50404 ,,,,,
1621031679.749 , BTCUSD , Sell , 362 , 50422 ,,,,,
1621031676.773 , BTCUSD , Sell , 270 , 50385 ,,,,,
1621031684.761 , BTCUSD , Sell , 50 , 50427 ,,,,,
1621032579.249 , BTCUSD , Buy , 10 , 49657.5 ,,,,,
1621032583.27 , BTCUSD , Buy , 423 , 49650.5 ,,,,,
1621032648.373 , BTCUSD , Buy , 393 , 49627.5 ,,,,,
1621032648.346 , BTCUSD , Buy , 404 , 49627.5 ,,,,,
1621032889.757 , BTCUSD , Buy , 99 , 49567 ,,,,,
1621032900.777 , BTCUSD , Buy , 703 , 49561 ,,,,,
1621032912.812 , BTCUSD , Buy , 46616 , 49548.5 ,,,,,
1621034379.237 , BTCUSD , Sell , 18848 , 50418 ,,,,,
1621034404.281 , BTCUSD , Sell , 5000 , 50458 ,,,,,
1621036011.99 , BTCUSD , Buy , 485 , 49681 ,,,,,
1621036039.025 , BTCUSD , Buy , 65199 , 49656 ,,,,,
1621036039.04 , BTCUSD , Buy , 2728 , 49655.5 ,,,,,
1621036067.094 , BTCUSD , Buy , 23 , 49647.5 ,,,,,
1621036347.547 , BTCUSD , Buy , 344 , 49636.5 ,,,,,
1621036356.559 , BTCUSD , Buy , 5 , 49613.5 ,,,,,
1621036918.478 , BTCUSD , Buy , 718 , 49614.5 ,,,,,
1621036918.478 , BTCUSD , Buy , 491 , 49614.5 ,,,,,
1621036918.482 , BTCUSD , Buy , 10585 , 49611.5 ,,,,,
1621036918.475 , BTCUSD , Buy , 40507 , 49605 ,,,,,
1621037245.014 , BTCUSD , Sell , 4794 , 50413 ,,,,,
1621037308.138 , BTCUSD , Sell , 318323 , 50451 ,,,,,
1621037308.14 , BTCUSD , Sell , 97 , 50449 ,,,,,
1621037308.14 , BTCUSD , Sell , 4 , 50460 ,,,,,
1621037314.144 , BTCUSD , Sell , 1435 , 50483 ,,,,,
1621037316.153 , BTCUSD , Sell , 35 , 50505 ,,,,,
1621037316.156 , BTCUSD , Sell , 33 , 50505.5 ,,,,,
1621037317.15 , BTCUSD , Sell , 73 , 50510 ,,,,,
1621037317.15 , BTCUSD , Sell , 12592 , 50510 ,,,,,
1621037317.143 , BTCUSD , Sell , 9804 , 50510 ,,,,,
1621037317.143 , BTCUSD , Sell , 1796 , 50512.5 ,,,,,
1621037321.147 , BTCUSD , Sell , 2631 , 50540.5 ,,,,,
1621037321.148 , BTCUSD , Sell , 4626 , 50530 ,,,,,
1621037321.164 , BTCUSD , Sell , 541 , 50542.5 ,,,,,
1621037321.156 , BTCUSD , Sell , 2096 , 50535 ,,,,,
1621037321.166 , BTCUSD , Sell , 5000 , 50542 ,,,,,
1621037322.162 , BTCUSD , Sell , 1 , 50556 ,,,,,
1621037322.161 , BTCUSD , Sell , 24 , 50549.5 ,,,,,
1621037323.166 , BTCUSD , Sell , 10 , 50561 ,,,,,
1621037323.153 , BTCUSD , Sell , 1000 , 50573 ,,,,,
1621037323.174 , BTCUSD , Sell , 3242 , 50576.5 ,,,,,
1621037894.113 , BTCUSD , Buy , 14361 , 49819.5 ,,,,,
1621037979.242 , BTCUSD , Buy , 513 , 49786.5 ,,,,,
1621037992.274 , BTCUSD , Buy , 174 , 49762.5 ,,,,,
1621038090.44 , BTCUSD , Buy , 3 , 49685.5 ,,,,,
1621038091.438 , BTCUSD , Buy , 9000 , 49682 ,,,,,
1621038093.449 , BTCUSD , Buy , 125 , 49649.5 ,,,,,
1621038123.493 , BTCUSD , Buy , 170 , 49643 ,,,,,
1621038136.513 , BTCUSD , Buy , 54 , 49606 ,,,,,
1621038139.519 , BTCUSD , Buy , 200 , 49577 ,,,,,
1621038147.529 , BTCUSD , Buy , 75 , 49571.5 ,,,,,
1621038147.533 , BTCUSD , Buy , 1000 , 49570.5 ,,,,,
1621038149.525 , BTCUSD , Buy , 20 , 49565.5 ,,,,,
1621038151.548 , BTCUSD , Buy , 150000 , 49563.5 ,,,,,
1621038151.54 , BTCUSD , Buy , 507 , 49563.5 ,,,,,
1621038152.542 , BTCUSD , Buy , 390 , 49538 ,,,,,
1621038152.534 , BTCUSD , Buy , 1489 , 49545 ,,,,,
1621038152.531 , BTCUSD , Buy , 3 , 49538 ,,,,,
1621038153.544 , BTCUSD , Buy , 1097674 , 49530.5 ,,,,,
1621038153.532 , BTCUSD , Buy , 1 , 49529.5 ,,,,,
1621038162.56 , BTCUSD , Buy , 194 , 49518.5 ,,,,,
1621038162.569 , BTCUSD , Buy , 54 , 49518.5 ,,,,,
1621038162.556 , BTCUSD , Buy , 1731 , 49522 ,,,,,
1621038162.56 , BTCUSD , Buy , 916 , 49520 ,,,,,
1621038164.565 , BTCUSD , Buy , 42625 , 49505 ,,,,,
1621038164.549 , BTCUSD , Buy , 12 , 49505 ,,,,,
1621038164.573 , BTCUSD , Buy , 20374 , 49513.5 ,,,,,
1621038164.571 , BTCUSD , Buy , 1652 , 49508.5 ,,,,,
1621038164.578 , BTCUSD , Buy , 961 , 49505 ,,,,,
1621038164.564 , BTCUSD , Buy , 500 , 49499 ,,,,,
1621038167.561 , BTCUSD , Buy , 50 , 49495.5 ,,,,,
1621038167.561 , BTCUSD , Buy , 5453 , 49489.5 ,,,,,
1621038167.565 , BTCUSD , Buy , 11 , 49485 ,,,,,
1621038168.573 , BTCUSD , Buy , 29013 , 49455 ,,,,,
1621038168.558 , BTCUSD , Buy , 10 , 49478.5 ,,,,,
1621038168.565 , BTCUSD , Buy , 942 , 49457 ,,,,,
1621038168.565 , BTCUSD , Buy , 882 , 49478.5 ,,,,,
1621038169.576 , BTCUSD , Buy , 119339 , 49448 ,,,,,
1621038169.576 , BTCUSD , Buy , 1500 , 49449.5 ,,,,,
1621038170.573 , BTCUSD , Buy , 4993 , 49446 ,,,,,
1621038179.577 , BTCUSD , Buy , 13556 , 49432 ,,,,,
1621038179.574 , BTCUSD , Buy , 1 , 49432 ,,,,,
1621038224.689 , BTCUSD , Buy , 884 , 49414 ,,,,,
1621038226.661 , BTCUSD , Buy , 344 , 49405.5 ,,,,,
1621038227.687 , BTCUSD , Buy , 30 , 49399 ,,,,,
1621038229.728 , BTCUSD , Buy , 70476 , 49378 ,,,,,
1621038229.713 , BTCUSD , Buy , 342 , 49383 ,,,,,
1621038229.661 , BTCUSD , Buy , 850 , 49370.5 ,,,,,
1621038229.75 , BTCUSD , Buy , 11052 , 49365.5 ,,,,,
1621038229.733 , BTCUSD , Buy , 536 , 49385 ,,,,,
1621038231.754 , BTCUSD , Buy , 651 , 49356 ,,,,,
1621038235.761 , BTCUSD , Buy , 1600 , 49308 ,,,,,
1621038235.753 , BTCUSD , Buy , 858 , 49317.5 ,,,,,
1621038234.717 , BTCUSD , Buy , 68 , 49341 ,,,,,
1621038235.912 , BTCUSD , Buy , 1 , 49310 ,,,,,
1621038235.912 , BTCUSD , Buy , 2 , 49310 ,,,,,
1621038235.754 , BTCUSD , Buy , 1 , 49310 ,,,,,
1621038238.758 , BTCUSD , Buy , 42 , 49293 ,,,,,
1621038237.768 , BTCUSD , Buy , 368 , 49298.5 ,,,,,
1621038238.739 , BTCUSD , Buy , 5052 , 49296 ,,,,,
1621038257.772 , BTCUSD , Buy , 894 , 49279 ,,,,,
1621038268.774 , BTCUSD , Buy , 5000 , 49270.5 ,,,,,
1621038299.786 , BTCUSD , Buy , 11868 , 49262 ,,,,,
1621038299.767 , BTCUSD , Buy , 7478 , 49261 ,,,,,
1621038301.783 , BTCUSD , Buy , 20000 , 49246.5 ,,,,,
1621038301.783 , BTCUSD , Buy , 1911 , 49253.5 ,,,,,
1621038299.788 , BTCUSD , Buy , 382 , 49260.5 ,,,,,
1621038302.773 , BTCUSD , Buy , 7763 , 49233.5 ,,,,,
1621038302.773 , BTCUSD , Buy , 6452 , 49236.5 ,,,,,
1621038302.779 , BTCUSD , Buy , 2022 , 49235 ,,,,,
1621038305.792 , BTCUSD , Buy , 128 , 49225.5 ,,,,,
1621038312.801 , BTCUSD , Buy , 5277 , 49208 ,,,,,
1621038315.796 , BTCUSD , Buy , 3135 , 49195.5 ,,,,,
1621038316.801 , BTCUSD , Buy , 25000 , 49194.5 ,,,,,
1621038318.796 , BTCUSD , Buy , 1799 , 49188 ,,,,,
1621038319.802 , BTCUSD , Buy , 56280 , 49183.5 ,,,,,
1621038319.797 , BTCUSD , Buy , 43 , 49184.5 ,,,,,
1621038319.824 , BTCUSD , Buy , 26 , 49183 ,,,,,
1621038322.831 , BTCUSD , Buy , 40 , 49169.5 ,,,,,
1621038323.813 , BTCUSD , Buy , 100 , 49168 ,,,,,
1621038328.828 , BTCUSD , Buy , 915 , 49163.5 ,,,,,
1621038395.935 , BTCUSD , Buy , 4997 , 49138.5 ,,,,,
1621038402.932 , BTCUSD , Buy , 800 , 49129.5 ,,,,,
1621038658.379 , BTCUSD , Sell , 2636 , 49913.5 ,,,,,
1621039072.056 , BTCUSD , Buy , 1 , 49334 ,,,,,
1621039077.051 , BTCUSD , Buy , 6966 , 49321 ,,,,,
1621039180.25 , BTCUSD , Buy , 339 , 49152 ,,,,,
1621039180.241 , BTCUSD , Buy , 1121 , 49156 ,,,,,
1621039183.257 , BTCUSD , Buy , 3000 , 49122 ,,,,,
1621039183.25 , BTCUSD , Buy , 225 , 49123.5 ,,,,,
1621039183.236 , BTCUSD , Buy , 1064 , 49118.5 ,,,,,
1621039566.885 , BTCUSD , Sell , 2716 , 49866 ,,,,,
1621039579.891 , BTCUSD , Sell , 1 , 49975 ,,,,,
1621039601.926 , BTCUSD , Sell , 9652 , 49960.5 ,,,,,
1621039693.122 , BTCUSD , Sell , 75 , 49986.5 ,,,,,
1621039693.108 , BTCUSD , Sell , 900 , 49984.5 ,,,,,
1621039887.435 , BTCUSD , Buy , 23680 , 49227 ,,,,,
1621039904.464 , BTCUSD , Buy , 37160 , 49217.5 ,,,,,
1621039921.489 , BTCUSD , Buy , 2209 , 49193 ,,,,,
1621040148.879 , BTCUSD , Buy , 7 , 49099 ,,,,,
1621040150.87 , BTCUSD , Buy , 2897 , 49094.5 ,,,,,
1621040559.577 , BTCUSD , Sell , 10593 , 49841 ,,,,,
1621040673.753 , BTCUSD , Sell , 28 , 49885.5 ,,,,,
1621040831.141 , BTCUSD , Sell , 542 , 49903 ,,,,,
1621041025.487 , BTCUSD , Sell , 816 , 50009.5 ,,,,,
1621041051.503 , BTCUSD , Sell , 1 , 50075 ,,,,,
1621041058.533 , BTCUSD , Sell , 1024 , 50097.5 ,,,,,
1621041079.557 , BTCUSD , Sell , 240 , 50141 ,,,,,
1621041129.846 , BTCUSD , Sell , 325 , 50198 ,,,,,
1621041132.669 , BTCUSD , Sell , 1980 , 50219.5 ,,,,,
1621041137.754 , BTCUSD , Sell , 2474 , 50237 ,,,,,
1621041138.728 , BTCUSD , Sell , 2950 , 50240 ,,,,,
1621041138.707 , BTCUSD , Sell , 20 , 50247 ,,,,,
1621041164.946 , BTCUSD , Sell , 25167 , 50254.5 ,,,,,
1621041168.733 , BTCUSD , Sell , 351 , 50281 ,,,,,
1621041177.767 , BTCUSD , Sell , 4461 , 50304.5 ,,,,,
1621041354.463 , BTCUSD , Sell , 1016 , 50356 ,,,,,
1621041357.469 , BTCUSD , Sell , 30 , 50381 ,,,,,
1621041360.483 , BTCUSD , Sell , 5000 , 50407.5 ,,,,,
1621041361.511 , BTCUSD , Sell , 25 , 50423.5 ,,,,,
1621041366.474 , BTCUSD , Sell , 32607 , 50448.5 ,,,,,
1621041411.556 , BTCUSD , Sell , 50 , 50473 ,,,,,
1621041413.544 , BTCUSD , Sell , 3141 , 50489.5 ,,,,,
1621041419.565 , BTCUSD , Sell , 3703 , 50503 ,,,,,
1621041419.56 , BTCUSD , Sell , 696 , 50501.5 ,,,,,
1621041444.622 , BTCUSD , Sell , 8 , 50552.5 ,,,,,
1621041444.607 , BTCUSD , Sell , 27 , 50535 ,,,,,
1621041457.628 , BTCUSD , Sell , 362 , 50566 ,,,,,
1621041457.628 , BTCUSD , Sell , 341 , 50565.5 ,,,,,
1621041458.614 , BTCUSD , Sell , 150 , 50585.5 ,,,,,
1621041476.685 , BTCUSD , Sell , 20000 , 50663 ,,,,,
1621041476.775 , BTCUSD , Sell , 3491 , 50677.5 ,,,,,
1621041476.738 , BTCUSD , Sell , 315 , 50679.5 ,,,,,
1621041595.852 , BTCUSD , Sell , 29956 , 50708 ,,,,,
1621041888.366 , BTCUSD , Sell , 640 , 50744.5 ,,,,,
1621041907.403 , BTCUSD , Sell , 199 , 50743 ,,,,,
1621041912.416 , BTCUSD , Sell , 500 , 50752 ,,,,,
1621041915.415 , BTCUSD , Sell , 10843 , 50758.5 ,,,,,
1621041918.413 , BTCUSD , Sell , 3500 , 50771 ,,,,,
1621041919.417 , BTCUSD , Sell , 2225 , 50778.5 ,,,,,
1621041921.434 , BTCUSD , Sell , 1 , 50838.5 ,,,,,
1621041921.417 , BTCUSD , Sell , 1995 , 50806.5 ,,,,,
1621041919.438 , BTCUSD , Sell , 242 , 50785 ,,,,,
1621041919.417 , BTCUSD , Sell , 18093 , 50793.5 ,,,,,
1621041922.412 , BTCUSD , Sell , 4365 , 50823 ,,,,,
1621041921.416 , BTCUSD , Sell , 1 , 50813 ,,,,,
1621041923.432 , BTCUSD , Sell , 902 , 50832 ,,,,,
1621042226.909 , BTCUSD , Buy , 59450 , 50088 ,,,,,
1621042262.983 , BTCUSD , Buy , 1 , 50075.5 ,,,,,
1621042283.014 , BTCUSD , Buy , 22 , 50058.5 ,,,,,
1621042287.042 , BTCUSD , Buy , 85 , 50048 ,,,,,
1621042290.044 , BTCUSD , Buy , 61390 , 50037 ,,,,,
1621042563.459 , BTCUSD , Buy , 858 , 50000.5 ,,,,,
1621042563.475 , BTCUSD , Buy , 43843 , 49993.5 ,,,,,
1621042563.462 , BTCUSD , Buy , 4655 , 49992 ,,,,,
1621043349.804 , BTCUSD , Sell , 1467 , 50790.5 ,,,,,
1621043349.821 , BTCUSD , Sell , 122 , 50799 ,,,,,
1621043349.786 , BTCUSD , Sell , 5533 , 50809 ,,,,,
1621043901.718 , BTCUSD , Sell , 149 , 50854.5 ,,,,,
1621043901.744 , BTCUSD , Sell , 90 , 50859.5 ,,,,,
1621043906.742 , BTCUSD , Sell , 243 , 50878 ,,,,,
1621043927.773 , BTCUSD , Sell , 6 , 50890.5 ,,,,,
1621043927.765 , BTCUSD , Sell , 1 , 50890.5 ,,,,,
1621043928.773 , BTCUSD , Sell , 6 , 50894.5 ,,,,,
1621043930.785 , BTCUSD , Sell , 2173 , 50910.5 ,,,,,
1621043961.818 , BTCUSD , Sell , 100 , 50921 ,,,,,
1621043965.822 , BTCUSD , Sell , 10 , 50934.5 ,,,,,
1621043965.841 , BTCUSD , Sell , 8 , 50926 ,,,,,
1621043965.845 , BTCUSD , Sell , 13 , 50924 ,,,,,
1621043965.845 , BTCUSD , Sell , 72 , 50931.5 ,,,,,
1621043968.834 , BTCUSD , Sell , 617 , 50946.5 ,,,,,
1621043968.843 , BTCUSD , Sell , 18 , 50946.5 ,,,,,
1621043970.845 , BTCUSD , Sell , 6068 , 50955 ,,,,,
1621045034.62 , BTCUSD , Buy , 603 , 50231.5 ,,,,,
1621045247.963 , BTCUSD , Buy , 5586 , 50184 ,,,,,
1621045503.396 , BTCUSD , Buy , 41 , 50156 ,,,,,
1621045503.405 , BTCUSD , Buy , 8040 , 50157.5 ,,,,,
1621045516.405 , BTCUSD , Buy , 2966 , 50152 ,,,,,
1621045523.448 , BTCUSD , Buy , 33821 , 50129.5 ,,,,,
1621045752.824 , BTCUSD , Buy , 435 , 50097.5 ,,,,,
1621046681.387 , BTCUSD , Buy , 190 , 50055 ,,,,,
1621046681.384 , BTCUSD , Buy , 165 , 50060.5 ,,,,,
1621046995.906 , BTCUSD , Buy , 226016 , 50030 ,,,,,
1621047153.178 , BTCUSD , Buy , 54549 , 50003.5 ,,,,,
1621047170.224 , BTCUSD , Buy , 5976 , 50000 ,,,,,
1621047182.254 , BTCUSD , Buy , 193 , 49991 ,,,,,
1621047192.243 , BTCUSD , Buy , 162330 , 49980 ,,,,,
1621047194.265 , BTCUSD , Buy , 3 , 49975.5 ,,,,,
1621047194.265 , BTCUSD , Buy , 621 , 49974.5 ,,,,,
1621047242.312 , BTCUSD , Buy , 1386 , 49955 ,,,,,
1621047244.323 , BTCUSD , Buy , 7771 , 49945 ,,,,,
1621047250.335 , BTCUSD , Buy , 434 , 49933.5 ,,,,,
1621047254.362 , BTCUSD , Buy , 794 , 49930.5 ,,,,,
1621047257.347 , BTCUSD , Buy , 200 , 49929.5 ,,,,,
1621047296.412 , BTCUSD , Buy , 615 , 49920.5 ,,,,,
1621047308.434 , BTCUSD , Buy , 6 , 49900.5 ,,,,,
1621047308.434 , BTCUSD , Buy , 1089 , 49900.5 ,,,,,
1621047308.457 , BTCUSD , Buy , 76 , 49901.5 ,,,,,
1621047358.521 , BTCUSD , Buy , 560 , 49880.5 ,,,,,
1621047460.759 , BTCUSD , Buy , 6999 , 49858.5 ,,,,,
1621047525.792 , BTCUSD , Buy , 6307 , 49838 ,,,,,
1621047531.795 , BTCUSD , Buy , 10000 , 49832 ,,,,,
1621047540.807 , BTCUSD , Buy , 10364 , 49825.5 ,,,,,
1621047541.832 , BTCUSD , Buy , 40 , 49823 ,,,,,
1621047691.067 , BTCUSD , Buy , 50 , 49802.5 ,,,,,
1621047769.211 , BTCUSD , Buy , 17730 , 49792.5 ,,,,,
1621047769.211 , BTCUSD , Buy , 37000 , 49788 ,,,,,
1621047769.21 , BTCUSD , Buy , 100 , 49789 ,,,,,
1621047872.365 , BTCUSD , Buy , 1768 , 49762.5 ,,,,,
1621047872.37 , BTCUSD , Buy , 1312 , 49762.5 ,,,,,
1621047874.404 , BTCUSD , Buy , 45000 , 49758.5 ,,,,,
1621047874.374 , BTCUSD , Buy , 1547 , 49759 ,,,,,
1621047895.418 , BTCUSD , Buy , 232 , 49735.5 ,,,,,
1621047921.456 , BTCUSD , Buy , 172937 , 49724 ,,,,,
1621047925.448 , BTCUSD , Buy , 45099 , 49714 ,,,,,
1621047941.486 , BTCUSD , Buy , 43 , 49699.5 ,,,,,
1621047950.494 , BTCUSD , Buy , 4349 , 49687 ,,,,,
1621047951.507 , BTCUSD , Buy , 9999 , 49685.5 ,,,,,
1621047960.528 , BTCUSD , Buy , 2025 , 49671.5 ,,,,,
1621048513.409 , BTCUSD , Buy , 3492 , 49666.5 ,,,,,
1621048527.435 , BTCUSD , Buy , 55 , 49643.5 ,,,,,
1621048528.451 , BTCUSD , Buy , 100 , 49636 ,,,,,
1621048535.447 , BTCUSD , Buy , 19 , 49625.5 ,,,,,
1621048535.46 , BTCUSD , Buy , 36459 , 49628.5 ,,,,,
1621048548.481 , BTCUSD , Buy , 1443 , 49607.5 ,,,,,
1621048548.469 , BTCUSD , Buy , 2000 , 49607 ,,,,,
1621048548.481 , BTCUSD , Buy , 278 , 49607 ,,,,,
1621048555.477 , BTCUSD , Buy , 1500 , 49600 ,,,,,
1621048572.536 , BTCUSD , Buy , 5000 , 49571 ,,,,,
1621048574.526 , BTCUSD , Buy , 5000 , 49560.5 ,,,,,
1621048572.526 , BTCUSD , Buy , 3 , 49579 ,,,,,
1621048586.541 , BTCUSD , Buy , 3549 , 49551.5 ,,,,,
1621050496.745 , BTCUSD , Buy , 1 , 49529.5 ,,,,,
1621050496.745 , BTCUSD , Buy , 100 , 49539 ,,,,,
1621050558.858 , BTCUSD , Buy , 66125 , 49503.5 ,,,,,
1621050558.86 , BTCUSD , Buy , 20 , 49502.5 ,,,,,
1621050558.833 , BTCUSD , Buy , 1458 , 49496.5 ,,,,,
1621050558.85 , BTCUSD , Buy , 20 , 49505 ,,,,,
1621050558.858 , BTCUSD , Buy , 9000 , 49506 ,,,,,
1621050560.879 , BTCUSD , Buy , 16 , 49487 ,,,,,
1621050559.849 , BTCUSD , Buy , 15000 , 49494 ,,,,,
1621050863.382 , BTCUSD , Buy , 1701 , 49475.5 ,,,,,
1621050868.391 , BTCUSD , Buy , 2 , 49456 ,,,,,
1621050868.384 , BTCUSD , Buy , 2109 , 49452 ,,,,,
1621050868.391 , BTCUSD , Buy , 4 , 49450 ,,,,,
1621051039.73 , BTCUSD , Buy , 201 , 49440.5 ,,,,,
1621051041.752 , BTCUSD , Buy , 100 , 49431 ,,,,,
1621051041.746 , BTCUSD , Buy , 7292 , 49435 ,,,,,
1621051041.746 , BTCUSD , Buy , 1 , 49407.5 ,,,,,
1621051042.712 , BTCUSD , Buy , 20000 , 49430.5 ,,,,,
1621051049.768 , BTCUSD , Buy , 4226 , 49409 ,,,,,
1621051531.525 , BTCUSD , Buy , 1160 , 49400.5 ,,,,,
1621051531.515 , BTCUSD , Buy , 1 , 49407.5 ,,,,,
1621051531.514 , BTCUSD , Buy , 1396 , 49407.5 ,,,,,
1621051532.517 , BTCUSD , Buy , 19000 , 49395.5 ,,,,,
1621051532.517 , BTCUSD , Buy , 33 , 49391 ,,,,,
1621051532.518 , BTCUSD , Buy , 487 , 49382 ,,,,,
1621051532.51 , BTCUSD , Buy , 28737 , 49393 ,,,,,
1621051532.51 , BTCUSD , Buy , 72 , 49385.5 ,,,,,
1621051532.537 , BTCUSD , Buy , 400 , 49387.5 ,,,,,
1621051607.632 , BTCUSD , Buy , 17418 , 49366.5 ,,,,,
1621051607.632 , BTCUSD , Buy , 40722 , 49365 ,,,,,
1621051609.678 , BTCUSD , Buy , 200 , 49358 ,,,,,
1621051615.747 , BTCUSD , Buy , 50232 , 49354 ,,,,,
